﻿Card ID,Implemented (class name?),Card Name,Rarity,Type,Tags,Effects description,Flavor Text ,Pools,Count (all cards vs implemented),All Rarity Levels,Rarity Count,All Card Types,Type Count,
0,Mana,Mana,TOKEN,Special,Spell - Mana,"Reserve, draw 1.",,,220,TOKEN,18,Movement,40,
1,Meditate,Meditate,BASIC,Special,Spell - Mana,Add $mn+:2$ mana to your hand.,,Starter,125,BASIC,26,Attack,83,
2,MysticIntellect,Mystic Intellect,RARE,Special,Spell - Mana,"Quick, perish $mn-:1$ mana.
Draw $cnt:4$ cards.",,Set,,RARE,81,Special,85,
3,,Mana Missiles,RARE,Attack,Spell - Mana - Arcane,Fire magic missiles equal to number of mana in hand.,,Set,,EPIC,62,Weapon,12,
4,ManaBlast,Mana Blast,RARE,Attack,Spell - Mana,"Perish x mana.
Deal $dmg:2$ damage within x radius.",,Set,,LEGENDARY,29,,,
5,,Mana Drain,EPIC,Attack,Spell - Mana,Deal $dmg:1$ damage to all adjacent enemies and add mana to your hand equal to the number of enemies damaged.,,Set,,RAINBOW,4,,,
6,InfuseLife,Infuse Life,EPIC,Special,Spell - Mana,"Perish x mana, single-use.
Heal x.",,Set,,,,,,
7,,Infuse Death,EPIC,Attack,Spell - Mana,"Perish x mana, single-use.
Deal 2x damage to the nearest enemy. ",,Set,,,,,,
8,,Invincibility,LEGENDARY,Special,Spell - Mana,"Perish x mana, single-use.
You take no damage for x turns.",,Set,,,,,,
9,,See Through Time,LEGENDARY,Special,Spell - Mana,"Perish x mana, single-use.
Draw x, give your next x cards ""instant, draw 1.""",,Set,,,,,,
10,,Invoke Death,RAINBOW,Attack,Spell - Mana,"Perish $mn-:5$ mana, single-use.
Deal $dmg:5$ damage to all enemies. ",,Set,,,,,,
11,,Warp Space,RARE,Movement,Spell - Mana,"Perish x mana.
Switch positions with objects x tiles ahead.",,Set,,,,,,
12,,Divine Guide,RARE,Movement,Spell - Mana,"Perish x<$mn-:3$ mana.
Pick and play a movement from 2x+2 basic movement cards.",,Set,,,,,,
13,,Focus,RARE,Special,Spell - Mana,"Quick, draw 1.
Give your next $cnt:3$ non-""mana"" spell cards ""add 1 mana to your hand.""",,"Core, set",,,,,,
14,CycleOfLife,Cycle of Life,RARE,Special,Spell - Mana,"Discard x<$cnt:4$ cards.
Add x mana to your hand.",,"Core, set",,,,,,
15,,Reshape Future,EPIC,Special,Spell - Mana,"Instant.
Perish a card with timer, add mana equal to its timer to your hand (max $lim:5$).",,"Core, set",,,,,,
16,,Reconstruct Essence,EPIC,Special,Spell - Mana,"Perish $mn-:1$ mana.
Discard a card, search for $cnt:1$ card that contains a same tag.",,Set,,,,,,
17,,,LEGENDARY,Weapon,Spell - Mana,"You can perish mana from the discard pile when you play a ""mana"" card.",,,,,,,,
18,FireBlast,Fire Blast,BASIC,Attack,Spell - Evocation - Fire,"Range $rng:3$.
Deal $dmg:1$ fire damage to the first enemy hit.",,Auxiliary,,,,,,
19,IceLance,Ice Lance,BASIC,Attack,Spell - Evocation - Ice,"Range $rng:2$, pierce $prc:1$.
Deal $dmg:1$ frost damage.",,Auxiliary,,,,,,
20,,Lightning Strike,BASIC,Attack,Spell - Evocation - Lightning,,,Auxiliary,,,,,,
21,,Gust,BASIC,Attack,Spell - Evocation - Air,,,Auxiliary,,,,,,
22,,Wall of Fire,RARE,Attack,Spell - Evocation - Fire,Make a wall of fire in front that last $dur:3$ turns.,,Auxiliary,,,,,,
23,Fireball,Fireball,RARE,Attack,Spell - Evocation - Fire,"Range $rng:3$. 
Throw a fireball in front that deals $dmg:2$ fire damage to the target and $spdmg:1$ fire damage to adjacent tiles.",,Auxiliary,,,,,,
24,FieryTouch,Fiery Touch,RARE,Attack,Spell - Evocation - Fire,Deal $dmg:1$ fire damage to adjacent tiles.,,Auxiliary,,,,,,
25,,Wall of Ice,RARE,Attack,Spell - Evocation - Ice,Make a wall of ice in front that last $dur:5$ turns.,,Auxiliary,,,,,,
26,Frostbolt,Frostbolt,RARE,Attack,Spell - Evocation - Ice,"Range $rng:4$, pierce $prc:1$.
Create an icy projectile that deals $dmg:2$ frost damage.",,Auxiliary,,,,,,
27,ConeOfFrost,Cone of frost,RARE,Attack,Spell - Evocation - Ice,Deal $dmg:1$ frost damage and applie freeze in a conical area in front.,,Auxiliary,,,,,,
28,Pyroblast,Pyroblast,EPIC,Attack,Spell - Evocation - Fire,"Range $rng:4$, requires channel $chnreq:1$.
Throw a large fireball in front that deals $dmg:4$ fire damage to the target and $spdmg:2$ fire damage to all surrounding tiles.",,Auxiliary,,,,,,
29,,Rain of Fire,EPIC,Attack,Spell - Evocation - Fire,Rain down fire that deals $dmg:2$ damage and leaves fire on $cnt:8$ random tiles. ,,Auxiliary,,,,,,
30,RingOfFrost,Ring of Frost,EPIC,Attack,Spell - Evocation - Ice,"Requires channel $chnreq:1$.
Deal $dmg:1$ frost damge in a large ring area surrounding you.",,Auxiliary,,,,,,
31,,Blizzard,EPIC,Attack,Spell - Evocation - Ice,Apply freeze in a circular area in front. Deal $dmg:1$ frost damage to this area for the next $dur:2$ turns.,,Auxiliary,,,,,,
32,FailedEvocation,Failed Evocation,TOKEN,Attack,Spell - Evocation,Nothing happens.,,Auxiliary,,,,,,
33,Channel,Channel,TOKEN,Special,Spell - Evocation,"Channel the current spell. Return it to the hand and give it ""timer 1: discard"".",,Auxiliary,,,,,,
34,Spell,Spell,BASIC,Attack,Spell - Evocation,"Select and play a basic or lower evocation effect. 
(Learn more spells by adding evocation cards to your deck!)","Base effect: quick, draw 1.
Having any fire unlocks fire blast.
Having any frost unlocks lce lance.
Lightning strke
Gust (pushes back in area)",Starter,,,,,,
35,FireSpell,Fire Spell,RARE,Attack,Spell - Evocation,"Channel $chn:0$. 
Select and play a rare or lower fire evocation spell. 
(Unlocks rare and lower fire spells.)","Rare: 1 tile effect, 1 damage, 1 movement
Also option to chant for longer
Fire blast (weak)
Fire wall (makes fire tile effect)
Burning touch (1 damage to adjacent tiles and ignite)
Fireball (need to chant longer)","Starter, core, set",,,,,,
36,IceSpell,Ice Spell,RARE,Attack,Spell - Evocation,"Channel $chn:0$. 
Select and play a rare or lower frost evocation spell. 
(Unlocks rare and lower ice spells.)","Rare: 1 tile effect, 1 damage, 1 movement
Also option to chant for longer","Starter, core, set",,,,,,
37,,Lightning Spell,RARE,Attack,Spell - Evocation,Select and play a rare or lower lightning evocation effect.,"Lightning strike
Electric discharge
Static field",,,,,,,
38,,Air Spell,RARE,Attack,Spell - Evocation,Select and play a rare or lower air evocation effect.,,,,,,,,
39,AdvancedFireStudies,Advanced Fire Studies,EPIC,Special,Spell - Evocation,"Quick, timer $tmr:3$. 
Draw $cnt:1$ evocation attack form your deck.
(Unlocks epic fire spells.)","Rain of fire
Pyroblast 
Volatile flames",Set,,,,,,
40,AdvancedFrostStudies,Advanced Frost Studies,EPIC,Special,Spell - Evocation,"Quick, timer $tmr:3$. 
Return $cnt:1$ evocation attack form your discard pile to your hand.
(Unlocks epic frost spells.)","Blizzard
Ring of frost (apply frost in large area)",Set,,,,,,
41,,Advanced Lightning Studies,EPIC,Special,Spell - Evocation,"Quick, timer $tmr:3$. 
Make a base copy of an evocation attack in your hand.
This card unlocks greater lightning evocations.","Lightning storm
Thunder step",,,,,,,
42,,Advanced Air Studies,EPIC,Special,Spell - Evocation,"Quick, timer $tmr:3$. 
Add a random evocation attack to your hand and give it ""Perish"".
This card unlocks greater air evocations.",Create whirlwinds that cc's enemies?,,,,,,,
43,QuickenedIncantation,Quickened Incantation,RARE,Special,Spell - Evocation,"Quick, draw 1, timer $tmr:3$.
Add $chn+:1$ channel and ""timer $chntmr:1$: discard"" to $cnt:1$ rare or lower evocation attack in your hand.",,Set,,,,,,
44,ElementalAdept,Elemental Adept,RARE,Special,Spell - Evocation,"Single-use.
Choose a rare evocation attack to add to your hand.",,"Core, set",,,,,,
45,,Ride the Elements,RARE,Movement,Spell - Evocation,"Choose and play a movement evocation spell. 
(Unlocks movement spells.)","Firey charge (dash forward and apply ignite at target)
Ice dash (dash backward and leave trail of ice)
Thunder step (teleport to a random tile after 1 step)
Follow the wind (strafe left, right or back, always moves if possible)",,,,,,,
46,,Chaos Spell,EPIC,Attack,Spell - Evocation,Play a random epic spell effect.,Spell list addition: chaos orb?,"Set, advanced",,,,,,
47,,Elemental Mastery,LEGENDARY,Special,Spell - Evocation,"Single-use.
Select an element that you have a spell attack for, transform all of your elemental spells into that type and unlock a legendary evocation for it.","Summon meteror (insane aoe damage at a fixed distance), frost nova (break all frozen hearts and apply freeze to all), tornado, ?",,,,,,,
48,MagicMissileInstance,Magic Missile - Instance,BASIC,Attack,Spell - Arcane,"Recycle, timer $tmr:3$, range $rng:3$.
Fire missile when this enters the discard pile.",Fire missile is a keyword specific to this architype,Starter,,,,,,
49,MagicMissileAgility,Magic Missile - Agility,RARE,Attack,Spell - Arcane,"Timer $tmr:2$.
Fire missile whenever you play a movement when this card is in your hand.",TODO: figure out how to phrase these,"Core, set",,,,,,
50,MagicMissileForm,Magic Missile - Form,RARE,Attack,Spell - Arcane,"Timer $tmr:5$.
Fire missile for every card you perish when this card is in your hand.",,"Core, set",,,,,,
51,MagicMissileRhythm,Magic Missile - Rhythm,RARE,Attack,Spell - Arcane,"Timer $tmr:3$.
Fire missile if the timer is odd at the end of the turn when this card is in your hand.",,"Core, set",,,,,,
52,MagicMissileEssence,Magic Missile - Essence,EPIC,Attack,Spell - Arcane,"Timer $tmr:5$.
Fire missile for every 2 cards played.",,"Set, advanced",,,,,,
53,MagicMissileEcho,Magic Missile - Echo,EPIC,Attack,Spell - Arcane,"Timer $tmr:5$.
Fire missile whenever another card fires a magic missile.",,Set,,,,,,
54,ArcanePersistance,Arcane Persistance,RARE,Special,Spell - Arcane,"Quick, draw 1.
Increase the timer of all ""Magic Missile"" cards by $tmr+:2$.",,Set,,,,,,
55,ArcaneSeeker,Arcane Seeker,RARE,Special,Spell - Arcane,"Quick, draw 1, single-use.
Change magic missiles to target the enemy with lowest hp.",,Set,,,,,,
56,ArcaneReach,Arcane Reach,RARE,Special,Spell - Arcane,"Quick, draw 1.
Increase the range of magic missiles  by $rng+:1$.",,Set,,,,,,
57,,Arcane Burst,RARE,Special,Spell - Arcane,"Quick, draw 1.
Trigger all ""Magic Missile"" cards in your hand and give them +3 timer.",,Set,,,,,,
58,,Arcane Modification,EPIC,Special,Spell - Arcane,"Quick, draw 1, perish.
Add a rare special ""arcane"" card into your hand.",,Set,,,,,,
59,ArcaneChaos,Arcane Chaos,EPIC,Special,Spell - Arcane,"Quick, draw 1, single-use.
Increase the range and timer of ""Magic Missile"" cards by $tmr+:2$, but they now targets random enemies.",,Set,,,,,,
60,,Arcane Reload,EPIC,Special,Spell - Arcane,"Instant, draw 1.
Shuffle any number of ""Magic Missile"" cards into the deck, trigger their effects and draw 1 card for each.",,Set,,,,,,
61,ArcaneWisdom,Arcane Wisdom,EPIC,Special,Spell - Arcane,"Quick, draw 1.
Search a ""Magic Missile"" card and give it +$tmr+:3$ timer.",,Set,,,,,,
62,ArcanePower,Arcane Power,LEGENDARY,Special,Spell - Arcane,"Quick, draw 1, single-use.
Increase the damage of magic missile by $dmg+:1$ but decrease its range by $rng-:1$.",,Set,,,,,,
63,,Source Cloak,LEGENDARY,Weapon,Spell - Arcane,"Your ""Magic Missile"" cards trigger their effects in the discard pile.",,Set,,,,,,
64,,Void Energy,LEGENDARY,Special,Spell,Choose and play a card from the void.,,Advanced,,,,,,
65,,Magic Clay,LEGENDARY,Special,Spell,Choose a card from your hand or deck. This card's effects become that cards for this encounter.,,Advanced,,,,,,
66,AddTime,Add Time,TOKEN,Special,Slash - Martial,Add 1 to the timer of a card.,,Auxiliary,,,,,,
67,SubtractTime,Subtract Time,TOKEN,Special,Slash - Martial,Subtract 1 to the timer of a card.,,Auxiliary,,,,,,
68,,Jab,BASIC,Attack,Slash - Martial,"Timer $tmr:3$.
Deal $dmg:1$ damage in front.
Flow: deal $dmg+:2$ additional damage.",,,,,,,,
69,LegSwipe,Leg Swipe,RARE,Attack,Slash - Martial,"Timer $tmr:3$.
Deal $dmg:1$ damage to the front 3 tiles.
Flow: give -1 or +1 timer to one card in hand.",,Starter,,,,,,
70,Charge,Charge,RARE,Movement,Slash - Martial,"Timer $tmr:3$.
Move up to $rng:3$ tiles toward the nearest aligned enemy.
Flow: quick, draw 1.",,Starter,,,,,,
71,,Side Strike,RARE,Attack,Slash - Martial,"Timer $tmr:3$.
Deal $dmg:1$ damage to each side.
Flow: deal $ext:1$ additional damage and push targets away.",,"Core, set",,,,,,
72,UpperCut,Upper cut,RARE,Attack,Slash - Martial,"Timer $tmr:3$.
Deal $dmg:2$ damage in front.
Flow: draw a martial card and give it ""quick.""",,Set,,,,,,
73,BodySwap,Body Swap,RARE,Movement,Slash - Martial,"Timer $tmr:3$.
Swap places with a random adjacent enemy and face it.
Flow: instant, draw 1.",,"Core, set",,,,,,
74,ArmBlock,Arm Block,EPIC,Attack,Slash - Martial,"Quick, timer $tmr:3$.
Gain $amr:1$ armor this turn.
Flow: give -1 or +1 timer to one card in hand.",,"Core, set",,,,,,
75,,Bull Punch,EPIC,Attack,Slash - Martial,"Timer $tmr:5$.
Deal damage in front equal to $max:5$ minus the current timer.
Flow: also damage the tile behind the target.",,Set,,,,,,
76,,Flurry,LEGENDARY,Attack,Slash - Martial,"Timer $tmr:3$.
Deal $dmg:1$ damage in front. Returns to the hand if it hits. 
+G65Flow: instant, draw 1.",,Set,,,,,,
77,,Flow Stance,LEGENDARY,Attack,Slash - Martial,"Timer $tmr:2$, quick, draw 1.
Give a card in your hand timer $tmr:2$.
Flow: pass this effect onto that card too.",,Set,,,,,,
78,DrunkenWalk,Drunken Walk,EPIC,Movement,Slash - Martial,"Instant, draw 1. 
Move in a random direction.",,Set,,,,,,
79,Slash,Slash,BASIC,Attack,Slash - Blade,Slash 3 tiles in front for $dmg:1$ damage.,,Starter,,,,,,
80,LSlash,L Slash,BASIC,Attack,Slash - Blade,Turn left and slash for $dmg:1$ damage.,Upgrade: create an RSlash with 1 timer and perish in hand ,Starter,,,,,,
81,RSlash,R Slash,BASIC,Attack,Slash - Blade,Turn right and slash for $dmg:1$ damage.,Upgrade: create an LSlash with 1 timer and perish in hand ,Starter,,,,,,
82,,L Slash+,RARE,Attack,Slash - Blade,"Chain.
Turn left and slash for $dmg:1$ damage.
(Upgrade: L Slash)",Upgrades L Slash,Set,,,,,,
83,,R Slash+,RARE,Attack,Slash - Blade,"Chain.
Turn right and slash for $dmg:1$ damage.
(Upgrade: R Slash)",Upgrads R Slash,Set,,,,,,
84,Sheath,Sheath,RARE,Special,Slash - Blade,"Chain.
Replace up to $cnt:3$ cards in your hand.",,"Starter, set, core",,,,,,
85,OnTheOffensive,On the Offensive,RARE,Movement,Slash - Blade,"Chain.
The chained card deals $dmg+:1$ additional damage.",,Set,,,,,,
86,Slice,Slice,RARE,Attack,Slash - Blade,Dash forward up to $rng:2$ tiles and deal $dmg:2$ damage to the enemy passed through.,,"Set, core",,,,,,
87,Stab,Stab,RARE,Attack,Slash - Blade,"Chain.
Deal $dmg:2$ damage in front. Draw $cnt:1$ card on hit.",,"Starter, set, core",,,,,,
88,Whirlwind,Whirlwind,RARE,Attack,Slash - Blade,"Draw 1, timer $tmr:3$.
Deal $dmg:1$ damage to all surrounding tiles. Can only be played by chaining.",,Set,,,,,,
89,DrawBlade,Draw Blade,RARE,Special,Slash - Blade,Draw $cnt:2$ blade attacks.,Upgrade idea: give them +1 damage,Set,,,,,,
90,WarCry,War Cry,EPIC,Movement,Slash - Blade,"Quick.
Move towards a closest aligned enemy and draw a blade attack.",Upgrade idea: give it +1 damage,Set,,,,,,
91,Thrust,Thrust,EPIC,Attack,Slash - Blade,"Deal $dmg:1$ damage in the front 2 tiles and move forward.
Chained: deal $dmg+:1$ extra damage.",,"Core, set, advanced",,,,,,
92,AdvancingStrike,Advancing Strike,EPIC,Attack,Slash - Blade,"Chain, draw 1.
Slash the front 3 tiles for $dmg:1$ damage and move forward.",,"Core, set, advanced",,,,,,
93,,Berserker's Frenzy,LEGENDARY,Attack,Slash - Blade,"Add $cnt:4$ random rare or lower blade cards to the hand and give them ""perish, chain, timer 1.""","Should require at least 2 cards with ""chain""",Set,,,,,,
94,KillDash,Killdash,LEGENDARY,Attack,Slash - Blade,"Dash forward up to $rng:4$ tiles and deal $dmg:2$ damage on the path.
(Upgrade: Slice)",Upgrade,Set,,,,,,
95,,Best Defense,EPIC,Attack,Slash - Armor - Blade,"Consume ""Shield."" Play a ""Blade"" weapon from your deck.",,Set,,,,,,
96,Shield,Shield,TOKEN,Attack,Slash - Armor,"Timer $tmr:1$, perish.
Give you 1 armor every turn.",,,,,,,,
97,,Spiked Shield,TOKEN,Attack,Slash - Armor,"Timer $tmr:1$, perish.
Treat this card as ""Shield."" Give you 1 armor every turn. Melee attackers take 1 damage when they deal damage to your armor.",,,,,,,,
98,,Shield Catch,TOKEN,Attack,Slash - Armor,"Timer $tmr:1$.
Return the ""Shield"" consumed by ""Shield Throw"" to your hand.",,,,,,,,
99,ArmorPlate,Armor Plate,TOKEN,Attack,Slash - Armor,"Recycle, perish.
Gain $amr:1$ armor when it leaves the hand.",,,,,,,,
100,ShieldUp,Shield Up,BASIC,Attack,Slash - Armor,Shield $sld:2$.,,Starter,,,,,,
101,ArmorUp,Armor Up,BASIC,Attack,Slash - Armor,"Shuffle $cnt:3$ ""Armor Plates"" into your deck.",,Starter,,,,,,
102,,Shield Bash,RARE,Attack,Slash - Armor,"Consume ""Shield."" Deal damage in front equal to 1 plus its timer.",,Set,,,,,,
103,,Emergency Armor,RARE,Attack,Slash - Armor,"Timer 3.
Gain 1 armor for each adjacent unit.",,Core,,,,,,
104,,Iron Will,RARE,Attack,Slash - Armor,"Discard x.
Gain x armor.",,"Starter, core, set",,,,,,
105,,Spike Up,EPIC,Attack,Slash - Armor,"Add a ""Shield"" with timer 2 to your hand. Or add 2 to the timer if you already have ""Shield."" Change your ""Shield"" into ""Spiked Shield.""",,Set,,,,,,
106,,Shield Throw,EPIC,Attack,Slash - Armor,"Consume ""Shield.""
Bounce randomly 3 times between units within 2 radius, each dealing $dmg:2$ damage. Add a ""Shield Catch"" to your hand.",,Set,,,,,,
107,,Double Up,EPIC,Special,Slash - Armor,"Add a copy of your ""Shield"" to your hand.",,Set,,,,,,
108,,Defend Yourself!,LEGENDARY,Special,Slash - Armor,"Quick.
Search an armor card.",,Set,,,,,,
109,LaserShotI,Laser Shot I,RARE,Attack,Shoot - Laser,"Overheat $ovh:1$, timer $tmr:3$.
Shoot forward for $dmg:1$ damage, piercing all units.",,Advanced,,,,,,
110,LaserShotII,Laser Shot II,EPIC,Attack,Shoot - Laser,"Overheat $ovh:2$, timer $tmr:3$.
Shoot forward for $dmg:2$ damage, piercing all units.",,Set,,,,,,
111,LaserShotIII,Laser Shot III,LEGENDARY,Attack,Shoot - Laser,"Overheat $ovh:3$, timer $tmr:3$.
Shoot forward for $dmg:3$ damage, piercing all units.",,Set,,,,,,
112,Overheat,Overheat,TOKEN,Special,Shoot - Laser,Perish.,,,,,,,,
113,,Charge Laser II,TOKEN,Special,Shoot - Laser,"Perish, timer 1: add a ""Laser Shot I"" with perish to your hand.
Add a ""charge laser III"" to your hand.",,,,,,,,
114,,Charge Laser III,TOKEN,Special,Shoot - Laser,"Perish, timer 1: add a ""Laser Shot II"" with perish to your hand.
Add a ""Laser Shot III"" with perish to your hand.",,,,,,,,
115,,Overcooling,RARE,Special,Shoot - Laser,"Instant, draw 1.
Give all ""overheat"" in your hand ""timer 1.""",,Set,,,,,,
116,,Charge Laser I,RARE,Special,Shoot - Laser,"Quick.
Add a ""charge laser II"" to your hand.",,"Set, advanced",,,,,,
117,PhotonProcessor,Photon Processor,RARE,Special,Shoot - Laser,"Quick, overheat $ovh:1$.
Draw $cnt:2$ cards.",,"Set, advanced",,,,,,
118,,Laser Augmentation,EPIC,Special,Shoot - Laser,Change one shoot card in your hand into a laser attack with corresponding rarity.,,Set,,,,,,
119,,Laser Charger,RARE,Weapon,Shoot - Laser,"Equip: add a ""Charge Laser I"" to your hand.
Unequip: add a ""overcooling"" with perish to your hand.",,Set,,,,,,
120,,Laser Toolbox,RARE,Weapon,Shoot - Laser,"Equip: shuffle 3 ""Laser Shot I"" into your deck.
Unequip: Perish. Choose 1 of 3 rare laser specials to add to your hand.",,Set,,,,,,
121,,The Vulcan,EPIC,Weapon,Shoot - Laser,"Everytime you play a ""overheat,"" add a ""Laser Shot I"" with perish into your hand.",,Set,,,,,,
122,RollL,Roll Leftward,TOKEN,Movement,,Roll leftward 1 tile.,,Auxiliary,,,,,,
123,RollR,Roll Rightward,TOKEN,Movement,,Roll rightward 1 tile.,,Auxiliary,,,,,,
124,RollB,Roll Backward,TOKEN,Movement,,Roll backward 1 tile.,,Auxiliary,,,,,,
125,SilverBullet,Silver Bullet,TOKEN,Attack,Shoot - Gun,Shoot forward for $dmg:1$ damage.,,,,,,,,
126,Shoot,Shoot,BASIC,Attack,Shoot - Gun,"Quick, ammo $ammo:1$.
Shoot forward for $dmg:1$ damage.",,Starter,,,,,,
127,DoubleTapL,L Double Tap,RARE,Attack,Shoot - Gun,"Quick, ammo $ammo:2$.
Shoot, turn left and shoot again for $dmg:1$ damage each.",,"Starter, core, set",,,,,,
128,DoubleTapR,R Double Tap,RARE,Attack,Shoot - Gun,"Quick, ammo $ammo:2$.
Shoot, turn right and shoot again for $dmg:1$ damage each.",,"Starter, core, set",,,,,,
129,SideShot,Side Shot,RARE,Attack,Shoot - Gun,"Quick, ammo $ammo:2$.
Shoot sideways for $dmg:1$ damage.",,"Starter, core, set",,,,,,
130,Quickdraw,Quickdraw,RARE,Special,Shoot - Gun,"Quick.
Draw $cnt:1$ gun card. Give it ""timer 1, instant, draw 1.""",,Set,,,,,,
131,Reload,Reload,RARE,Special,Shoot - Gun,"Quick, draw 1.
Shuffle up to $cnt:5$ cards from the discard pile to your deck. ",,"Starter, core, set",,,,,,
132,,Unload,RARE,Attack,Shoot - Gun,"Quick.
Discard the top $cnt:6$ cards from your deck. Shoot forward for $dmg:1$ damage for every gun card discarded.",,Set,,,,,,
133,HoldYourFire,Hold Your Fire,RARE,Special,Shoot - Gun,"Quick.
Replace any number of gun cards in your hand.",,Set,,,,,,
134,LockedAndLoaded,Locked and Loaded,EPIC,Special,Shoot - Gun,"Quick.
Return up to $cnt:3$ ""Gun"" attacks from the discard pile to your hand.",,"Set, advanced",,,,,,
135,DodgeRoll,Dodge Roll,EPIC,Movement,Shoot - Gun,"Return $cnt:1$ ""Gun"" card from the discard pile to your hand. Choose to roll backwards or sideways.",,"Set, advanced",,,,,,
136,TriShot,Tri-shot,EPIC,Attack,Shoot - Gun,"Quick, ammo $ammo:3$.
Shoot 3 shots in parallel for $dmg:1$ damage each.",,"Set, advanced",,,,,,
137,HeavyBlast,Heavy Blast,EPIC,Attack,Shoot - Gun,"Ammo $ammo:2$.
Shoot forward for $dmg:2$ damage and strafe backwards.",,"Set, advanced",,,,,,
138,OneInTheChamber,One in the Chamber,EPIC,Special,Shoot - Gun,"Instant, discard x, single-use.
Shuffle a ""Silver Bullet"" in your deck that shoot forward for x+$dmg:1$ damage.",,"Core, set, advanced",,,,,,
139,DeathBlossom,Death Blossom,LEGENDARY,Attack,Shoot - Gun,"Ammo $ammo:8$.
Shoot in all directions for $dmg:1$ damage twice.",,"Set, advanced",,,,,,
140,,Bullet Time,LEGENDARY,Special,Shoot - Gun,"Perish.
Gun cards among the next 5 cards you play have ""instant, draw 1.""",,Set,,,,,,
141,FireArrow,Fire Arrow,TOKEN,Attack,Shoot - Bow,"Perish, timer $tmr:1$: discard.
Shoot an arrow forward that deals $dmg:2$ damage and pierces $prc:1$.",,,,,,,,
142,DrawBow,Draw Bow,BASIC,Attack,Shoot - Bow,"Add a ""Fire Arrow"" to your hand.",,Starter,,,,,,
143,RollAndDraw,Roll and Draw,RARE,Attack,Shoot - Bow,"Move forward 2 and turn back. Add a ""Fire Arrow"" to your hand.",,"Starter, core",,,,,,
144,StrafeAndDraw,Strafe and Draw,RARE,Attack,Shoot - Bow,"Choose a ""Strafe Left"" or ""Strafe Right"" to play. Add a ""Fire Arrow"" to your hand.",,"Starter, core",,,,,,
145,TurnAndDraw,Turn and Draw,RARE,Attack,Shoot - Bow,"Choose a ""Turn Left"" or ""Turn Right"" to play. Add a ""Fire Arrow"" to your hand.",,"Starter, core",,,,,,
146,QuickRelease,Quick Shot,RARE,Special,Shoot - Bow,"Timer $tmr:4$, quick.
Replace a ""Fire Arrow"" in your hand. Fire an arrow forward.",,Set,,,,,,
147,,Blunt Shot,RARE,Special,Shoot - Bow,"Timer $tmr:4$.
Replace a ""Fire Arrow"" in your hand. Fire an arrow forward that pushes targets back.",,,,,,,,
148,ConcentratedShot,Concentrated Shot,RARE,Special,Shoot - Bow,"Timer $tmr:4$.
Replace a ""Fire Arrow"" in your hand. Fire an arrow forward with +1 damage and penetration.",,Set,,,,,,
149,,Steady Breathing,RARE,Special,Shoot - Bow,"Instant, timer $tmr:4$.
Add $tmr+:3$ to the timer of all your bow cards.",,Set,,,,,,
150,FillQuiver,Fill Quiver,RARE,Special,Shoot - Bow,"Single-use.
Shuffle into your deck $cnt:5$ random rare or lower ""Bow"" cards with ""draw"" in the name.",,"Core, set, advanced",,,,,,
151,,,EPIC,Attack,Shoot - Bow,"Turn toward a nearest aligned enemy. Add a ""Fire Arrow"" to your hand.",,,,,,,,
152,,Multi-draw,EPIC,Attack,Shoot - Bow,"Add $cnt:3$ ""Fire Arrow"" with increasing timer to your hand.",,,,,,,,
153,MultiShot,Multi-shot,EPIC,Special,Shoot - Bow,"Timer $tmr:4$.
Replace a ""Fire Arrow"" in your hand. Fire an arrow from all three adjacent tiles.",,Set,,,,,,
154,HuntersInstinct,Hunter's Instinct,EPIC,Special,Shoot - Bow,"Discard $dsc:2$.
Search for $cnt:1$ rare or lower bow card and give it ""Quick.""",,Set,,,,,,
155,,Always Prepared,EPIC,Special,Shoot - Bow,Play a bow special card from your discard pile.,,,,,,,,
156,,?,TOKEN,Special,Shoot - Bow,,"Your ""fire arrow"" cards are played when discarded",,,,,,,
157,,Dragon Shot,LEGENDARY,Special,Shoot - Bow,"Single-use, quick, timer $tmr:4$.
Replace a ""Fire Arrow"" in your hand. Fire an arrow with $cnt:2$ augmentations of your choice.",,,,,,,,
158,,Bullet Storm,LEGENDARY,Special,Shoot,"Perish.
Draw $cnt:5$ cards and discard all non-shoot cards among them.",Still working on this one...,Set,,,,,,
159,MoveUp,Move Up,BASIC,Movement,,Move upwards.,,Starter,,,,,,
160,MoveLeft,Move Left,BASIC,Movement,,Move leftwards.,,Starter,,,,,,
161,MoveDown,Move Down,BASIC,Movement,,Move downwards.,,Starter,,,,,,
162,MoveRight,Move Right,BASIC,Movement,,Move rightwards.,,Starter,,,,,,
163,MoveForward,Move Forward,BASIC,Movement,,Move forwards.,,Starter,,,,,,
164,MoveBackward,Move Backward,BASIC,Movement,,Move backwards.,,Starter,,,,,,
165,StrafeLeft,Strafe Left,BASIC,Movement,,Sidestep to your left.,,Starter,,,,,,
166,StrafeRight,Strafe Right,BASIC,Movement,,Sidestep to your right.,,Starter,,,,,,
167,TurnLeft,Turn Left,RARE,Movement,,"Quick, draw 1. 
Turn leftwards.",,"Starter, core",,,,,,
168,TurnRight,Turn Right,RARE,Movement,,"Quick, draw 1. 
Turn rightwards.",,"Starter, core",,,,,,
169,TurnBack,Turn Back,RARE,Movement,,"Quick, draw 1. 
Turn backwards.",,"Starter, core",,,,,,
170,Vault,Vault,RARE,Movement,,"Jump forward, skipping one tile.",,"Starter, core",,,,,,
171,Backflip,Backflip,RARE,Movement,,"Jump backward, skipping one tile.",,"Starter, core",,,,,,
172,,Running Prep,RARE,Movement,,Your next movment is played twice.,,Core,,,,,,
173,,Dash,EPIC,Movement,,"Discard 1. 
Play a basic movement from your deck twice.",,"Core, advanced",,,,,,
174,Sprint,Sprint,EPIC,Movement,,"Instant. 
Give all movements in hand ""instant, draw 1.""",,"Core, advanced",,,,,,
175,Runnnn,Runnnn!,EPIC,Movement,,"Instant. 
Replace all your attacks with movements.",,Advanced,,,,,,
176,,Panic!,EPIC,Movement,,"Reveal the top 5 cards in your deck, play all movements among them and discard the rest.",,Advanced,,,,,,
177,,Momentum,EPIC,Movement,,"Quick, draw 1.
Repeat your last movement.",,Advanced,,,,,,
178,EmergencyTeleport,Emergency Teleport,EPIC,Movement,,"Timer 3.
Teleport to a random tile.",,"Core, advanced",,,,,,
179,,Spider senses,EPIC,Movement,,"Quick.
Turn toward a nearest enemy.","Upgrade: Instant, draw 1.","Core, advanced",,,,,,
180,,Rainbow Move,RAINBOW,Movement,,Movement direction rotates every turn.,,Advanced,,,,,,
181,GrappleHook,Grapple Hook,LEGENDARY,Movement,,Grapple to the first target in front.,"Upgrade idea: add a ""turn back"" with perish to your hand",Advanced,,,,,,
182,EscapeArtist,Escape Artist,LEGENDARY,Movement,,"Instant.
Search for a movement from your deck, give it ""instant, draw 1, perish.""",,Advanced,,,,,,
183,,Blink,LEGENDARY,Movement,,Teleport behind the target you last hit.,,Advanced,,,,,,
184,Greed,Greed,BASIC,Special,,Draw $cnt:3$ cards.,,Starter,,,,,,
185,Redraw,Redraw,BASIC,Special,,Replace your hand.,,Starter,,,,,,
186,TradeIn,Trade In,BASIC,Special,,"Quick.
Replace $cnt:2$ cards.",,Starter,,,,,,
187,Preparation,Preparation,RARE,Special,,"Give the next card you play ""instant, draw 1.""",,Core,,,,,,
188,,Associative Memory,RARE,Special,,"Quick.
Replace a card with a card of the same basic type.",,Core,,,,,,
189,,Echo,RARE,Special,,Repeat the effect of the last card you played.,,Core,,,,,,
190,BuyingTime,Buying Time,RARE,Special,,"Instant.
Add 2 to the timer of all your cards.",,Core,,,,,,
191,Recall,Recall,RARE,Special,,Return any number of cards from your discard pile to your deck.,,Core,,,,,,
192,Refill,Deal Hand,RARE,Special,,Draw cards up to your draw threshold.,,Core,,,,,,
193,EmptyMind,Empty Mind,EPIC,Special,,"Instant.
Discard your hand, search for any card from your deck.",,Advanced,,,,,,
194,,Inner Peace,EPIC,Special,,Discard $cnt:3$ attacks from your deck.,,Advanced,,,,,,
195,Brainstorm,Brainstorm,EPIC,Special,,"Draw up to $cnt:4$ cards with different tags and give them ""timer 1: discard.""",,Advanced,,,,,,
196,Overload,Overload,EPIC,Special,,"Draw 5 cards and give them ""timer 5: discard.""",,Advanced,,,,,,
197,ExpandMind,Expand Mind,EPIC,Special,,"Single-use.
Increase your draw threshold by $cnt:2$ this encounter.",,Advanced,,,,,,
198,ReinforceMemory,Reinforce Memory,EPIC,Special,,"Quick, single-use.
Choose one card in your hand, shuffle $cnt:3$ base copies with ""single-use"" into the deck.",,"Core, advanced",,,,,,
199,,Mind Reversal,LEGENDARY,Special,,"Instant.
Swap your deck and discard pile.",,Advanced,,,,,,
200,LastWish,Last Wish,LEGENDARY,Special,,"Perish.
Play $cnt:1$ card from your discard pile and perish it.",,Advanced,,,,,,
201,,The Black Slate,LEGENDARY,Special,,This card retains all added effects after the encounter.,,Advanced,,,,,,
202,,Farewell to Arms,LEGENDARY,Special,,"Discard all weapons in your hand and deck, draw 1 card for each.",,Advanced,,,,,,
203,,Wishful Thinking,LEGENDARY,Special,,"Quick.
Replace a card with a random one with higher rarity (up to legendary).",,Advanced,,,,,,
204,,Overclock,LEGENDARY,Special,,"Single-use, instant, draw 1.
Modify all your cards with recycle. For the rest of the battle, you lose 1 hp whenever the discard pile is reshuffled.",,,,,,,,
205,,Last Stand,RAINBOW,Special,,"Instant.
If you have no movements in your hand, deck and discard pile, search for any card in your deck.",,,,,,,,
206,PerfectControl,Perfect Control,EPIC,Movement,,"Timer $tmr:3$, single-use.
Choose and play a basic directional movement.",,Advanced,,,,,,
207,,Stretching,RARE,Movement,,Return all movement cards from your discard pile to your deck.,,Core,,,,,,
208,FaceTheEnemy,Face the Enemy,RARE,Movement,,"Choose a ""Turn Left"", ""Turn Right"" or ""Turn Back"" to play.",Upgrade: quick,Core,,,,,,
209,,Mana Generator,RARE,Special,Spell - Mana,"Quick.
Shuffle $cnt:6$ mana into your deck.",,"Core, set",,,,,,
210,,Volley,EPIC,Special,Shoot - Gun,"Quick.
Replace any number of cards in your hand with ""Shoot"" that have perish.","Upgrade idea: adds an additional ""shoot""",Set,,,,,,
211,,Backup Magazine,EPIC,Special,Shoot - Gun,"Timer $tmr:1$.
When this card is in the discard pile and you don't have any gun cards in hand: shuffle this into the deck and add $cnt:2$ ""shoot"" with perish to your hand.",,,,,,,,
212,,Recochet Bullets,EPIC,Weapon,Shoot - Gun,"Equip: add 2 ""shoot"" to your hand.
Your shoot effects also damage adjacent targets.",,"Set, advanced",,,,,,
213,,Grenade Launcher,LEGENDARY,Weapon,Shoot - Gun - Bomb,,,,,,,,,
214,,Triple Tap,RARE,Weapon,Shoot - Gun,"Equip: add 2 ""shoot"" to your hand.
Every two ""shoot"" played will trigger one free shoot effect.",,,,,,,,
215,,Portable Arsenal,LEGENDARY,Special,Shoot,"Instant, search for a shoot weapon and add this effect to its unequip effect.",,Set,,,,,,
216,,Machine Gun,RARE,Weapon,Shoot - Gun,"Equip: add 2 ""shoot"" to your hand.
Your ""shoot"" become instant.",,,,,,,,
217,,Sniper Rifle,EPIC,Weapon,Shoot - Gun,"Equip: add 1 ""shoot"" to your hand.
Your ""shoot"" has +1 damage but no longer has ""quick"". ",,,,,,,,
218,,Spining Top,RAINBOW,Weapon,Shoot - Gun,"Equip: add 1 ""shoot"" to your hand.
After playing a ""shoot"", add a ""shoot"" to your hand. You turn randomly after playing ""shoot"".",,,,,,,,
219,,Shotgun,EPIC,Weapon,Shoot - Gun,"Equip: add 2 ""shoot"" to your hand.
Your ""shoot"" fires 3 shots in a spread but has range 2. ",,,,,,,,
